sku,bar_code,desc,tipo_de_veiculo,marca_id,cat_id
"AUBG041","7899751915151","Gauss Bomba de combustível","carro","25","133"
"AUDV023","0","Neolux Nenhum","carro","21","1"
"AUDV024","0","Neolux Nenhum","carro","21","1"
"AUGA040","7899751935418","Gauss Atuador de Marcha Lenta","carro","25","81"
"AUGA041","7899751935401","Gauss Atuador de Marcha Lenta","carro","25","81"
"AUGB108","7899751938167","Gauss Atuador de Marcha Lenta","carro","25","81"
"AUGB109","7899751933209","Gauss Atuador de Marcha Lenta","carro","25","81"
"AUGC101","7899751933377","Gauss Cabo de Ignição","carro","25","78"
"AUGD001","7898252650295","Gauss Diodo","carro","25","289"
"AUGD002","7898252650301","Gauss Diodo","carro","25","289"
"AUGD003","7898252650318","Gauss Diodo","carro","25","289"
"AUGD004","7898252650325","Gauss Diodo","carro","25","289"
"AUGD005","7898252650561","Gauss Diodo","carro","25","289"
"AUGD006","7898252650578","Gauss Diodo","carro","25","289"
"AUGD007","7898252650585","Gauss Diodo","carro","25","289"
"AUGD008","7898252650592","Gauss Diodo","carro","25","289"
"AUGD009","7898252650608","Gauss Diodo","carro","25","289"
"AUGD010","7898252650752","Gauss Diodo","carro","25","289"
"AUGD011","7898252650721","Gauss Diodo","carro","25","289"
"AUGD012","7898252651148","Gauss Diodo","carro","25","289"
"AUGD013","7898252651155","Gauss Diodo","carro","25","289"
"AUGD014","7898252651186","Gauss Diodo","carro","25","289"
"AUGD015","7898252651193","Gauss Diodo","carro","25","289"
"AUGD016","7898252651209","Gauss Diodo","carro","25","289"
"AUGD017","7898252651216","Gauss Diodo","carro","25","289"
"AUGD018","7898252651803","Gauss Diodo","carro","25","289"
"AUGD019","7898252651797","Gauss Diodo","carro","25","289"
"AUGD020","7898252651827","Gauss Diodo","carro","25","289"
"AUGD021","7898252651810","Gauss Diodo","carro","25","289"
"AUGD022","7898252651841","Gauss Diodo","carro","25","289"
"AUGD023","7898252651834","Gauss Diodo","carro","25","289"
"AUGD024","7898252651865","Gauss Diodo","carro","25","289"
"AUGD025","7898252651858","Gauss Diodo","carro","25","289"
"AUGD026","7898252651889","Gauss Diodo","carro","25","289"
"AUGD027","7898252651872","Gauss Diodo","carro","25","289"
"AUGD028","7898252651322","Gauss Diodo","carro","25","289"
"AUGD029","7898252651339","Gauss Diodo","carro","25","289"
"AUGD030","7898252650240","Gauss Triodo","carro","25","290"
"AUGD031","7898252650271","Gauss Triodo","carro","25","290"
"AUGD032","7898252651223","Gauss Triodo","carro","25","290"
"AUGD033","7898252650912","Gauss Triodo","carro","25","290"
"AUGD034","7898252650929","Gauss Triodo","carro","25","290"
"AUGD035","7898541345352","Gauss Triodo","carro","25","290"
"AUGD036","7898541344584","Gauss Triodo","carro","25","290"
"AUGD037","7898541342955","Gauss Triodo","carro","25","290"
"AUGD038","7899751908894","Gauss Triodo","carro","25","290"
"AUGD039","7899751909969","Gauss Triodo","carro","25","290"
"AUGD040","7898252651001","Gauss Triodo","carro","25","290"
"AUGD041","7898252651247","Gauss Isolador","carro","25","288"
"AUGD042","7898541344812","Gauss Isolador","carro","25","288"
"AUGD043","7898541344843","Gauss Condensador","carro","25","164"
"AUGD044","7898541345888","Gauss Condensador","carro","25","164"
"AUGD045","7898252659007","Gauss Escova","carro","25","183"
"AUGD046","7899751906555","Gauss Escova","carro","25","183"
"AUGE092","7899751933360","Gauss Eletroventilador","carro","25","263"
"AUGE093","7899751935470","Gauss Eletroventilador","carro","25","263"
"AUGE094","7899751935487","Gauss Eletroventilador","carro","25","263"
"AUGE095","7899751933124","Gauss Eletroventilador","carro","25","263"
"AUGE096","7899751932820","Gauss Eletroventilador","carro","25","263"
"AUGE097","7899751937610","Gauss Eletroventilador","carro","25","263"
"AUGE098","7899751929936","Gauss Eletroventilador","carro","25","263"
"AUGE099","7899751929943","Gauss Eletroventilador","carro","25","263"
"AUGE100","7899751936651","Gauss Eletroventilador","carro","25","263"
"AUGE101","7899751930512","Gauss Eletroventilador","carro","25","263"
"AUGE102","7899751930529","Gauss Eletroventilador","carro","25","263"
"AUGE103","7899751930178","Gauss Eletroventilador","carro","25","263"
"AUGE104","7899751930185","Gauss Eletroventilador","carro","25","263"
"AUGE105","7899751930192","Gauss Eletroventilador","carro","25","263"
"AUGE106","7899751930208","Gauss Eletroventilador","carro","25","263"
"AUGE107","7899751930536","Gauss Eletroventilador","carro","25","263"
"AUGE108","7899751930543","Gauss Eletroventilador","carro","25","263"
"AUGE109","7899751930215","Gauss Eletroventilador","carro","25","263"
"AUGE110","7899751930222","Gauss Eletroventilador","carro","25","263"
"AUGE111","7899751936705","Gauss Eletroventilador","carro","25","263"
"AUGE112","7899751936668","Gauss Eletroventilador","carro","25","263"
"AUGE113","7899751936699","Gauss Eletroventilador","carro","25","263"
"AUGF001","7898541349275","Gauss Ferramentas","carro","25","36"
"AUGF002","7899751906791","Gauss Ferramentas","carro","25","36"
"AUGF003","7898541341835","Gauss Ferramentas","carro","25","36"
"AUGF004","7898541349060","Gauss Ferramentas","carro","25","36"
"AUGF005","7898252652336","Gauss Ferramentas","carro","25","36"
"AUGF006","7898541349046","Gauss Ferramentas","carro","25","36"
"AUGF007","7898541349039","Gauss Ferramentas","carro","25","36"
"AUGF008","7898252651018","Gauss Ferramentas","carro","25","36"
"AUGF009","7898252657492","Gauss Ferramentas","carro","25","36"
"AUGI232","7899751932684","Gauss Bobina de Ignição","carro","25","113"
"AUGI233","7899751932547","Gauss Bobina de Ignição","carro","25","113"
"AUGI234","7899751932561","Gauss Bobina de Ignição","carro","25","113"
"AUGI235","7899751932554","Gauss Bobina de Ignição","carro","25","113"
"AUGL072","7899751918657","Gauss Lâmpadas","carro","25","50"
"AUGL073","7899751918695","Gauss Lâmpadas","carro","25","50"
"AUGL074","7899751918381","Gauss Lâmpadas","carro","25","50"
"AUGL075","7898252655665","Gauss Lâmpadas","carro","25","50"
"AUGL076","7899751927642","Gauss Lâmpadas","carro","25","50"
"AUGL077","7899751927734","Gauss Lâmpadas","carro","25","50"
"AUGL078","7899751916929","Gauss Lâmpadas","carro","25","50"
"AUGL079","7899751918473","Gauss Lâmpadas","carro","25","50"
"AUGL080","7899751916851","Gauss Lâmpadas","carro","25","50"
"AUGL081","7899751900478","Gauss Lâmpadas","carro","25","50"
"AUGL082","7899751900478","Gauss Lâmpadas","carro","25","50"
"AUGL083","7899751916868","Gauss Lâmpadas","carro","25","50"
"AUGL084","7899751918503","Gauss Lâmpadas","carro","25","50"
"AUGL085","7899751918343","Gauss Lâmpadas","carro","25","50"
"AUGL086","7899751918312","Gauss Lâmpadas","carro","25","50"
"AUGL087","7898541343365","Gauss Lâmpadas","carro","25","50"
"AUGL088","7898541343358","Gauss Lâmpadas","carro","25","50"
"AUGL089","7898541343389","Gauss Lâmpadas","carro","25","50"
"AUGL090","7898541343389","Gauss Lâmpadas","carro","25","50"
"AUGL091","7898541343396","Gauss Lâmpadas","carro","25","50"
"AUGL092","7898541343396","Gauss Lâmpadas","carro","25","50"
"AUGL093","7899751918664","Gauss Lâmpadas","carro","25","50"
"AUGL094","7899751918701","Gauss Lâmpadas","carro","25","50"
"AUGL095","7899751918374","Gauss Lâmpadas","carro","25","50"
"AUGL096","7898252655672","Gauss Lâmpadas","carro","25","50"
"AUGL097","7899751900423","Gauss Lâmpadas","carro","25","50"
"AUGL098","7899751918671","Gauss Lâmpadas","carro","25","50"
"AUGL099","7898541349299","Gauss Lâmpadas","carro","25","50"
"AUGL100","7899751918367","Gauss Lâmpadas","carro","25","50"
"AUGL101","7898252655689","Gauss Lâmpadas","carro","25","50"
"AUGL102","7898252655696","Gauss Lâmpadas","carro","25","50"
"AUGL103","7898252655221","Gauss Lâmpadas","carro","25","50"
"AUGL104","7898252656105","Gauss Lâmpadas","carro","25","50"
"AUGL105","7899751918855","Gauss Lâmpadas","carro","25","50"
"AUGL106","7899751918688","Gauss Lâmpadas","carro","25","50"
"AUGL107","7899751918718","Gauss Lâmpadas","carro","25","50"
"AUGL108","7899751918350","Gauss Lâmpadas","carro","25","50"
"AUGL109","7898252655702","Gauss Lâmpadas","carro","25","50"
"AUGL110","7899751927635","Gauss Lâmpadas","carro","25","50"
"AUGL111","7899751900430","Gauss Lâmpadas","carro","25","50"
"AUGL112","7899751900454","Gauss Lâmpadas","carro","25","50"
"AUGL113","7899751900454","Gauss Lâmpadas","carro","25","50"
"AUGL114","7898252655498","Gauss Lâmpadas","carro","25","50"
"AUGL115","7898252655504","Gauss Lâmpadas","carro","25","50"
"AUGL116","7898252655610","Gauss Lâmpadas","carro","25","50"
"AUGL117","7898252655627","Gauss Lâmpadas","carro","25","50"
"AUGL118","7899751937177","Gauss Lâmpadas","carro","25","50"
"AUGL119","7899751918411","Gauss Lâmpadas","carro","25","50"
"AUGL120","7899751916882","Gauss Lâmpadas","carro","25","50"
"AUGL121","7899751927727","Gauss Lâmpadas","carro","25","50"
"AUGL122","7898252656211","Gauss Lâmpadas","carro","25","50"
"AUGL123","7899751929912","Gauss Lâmpadas","carro","25","50"
"AUGL124","7899751927628","Gauss Lâmpadas","carro","25","50"
"AUGL125","7899751921909","Gauss Lâmpadas","carro","25","50"
"AUGL126","7898252656891","Gauss Lâmpadas","carro","25","50"
"AUGL127","7899751927666","Gauss Lâmpadas","carro","25","50"
"AUGL128","7898541346809","Gauss Lâmpadas","carro","25","50"
"AUGL129","7899751921916","Gauss Lâmpadas","carro","25","50"
"AUGL130","7898252654958","Gauss Lâmpadas","carro","25","50"
"AUGL131","7898252654958","Gauss Lâmpadas","carro","25","50"
"AUGL132","7898252654941","Gauss Lâmpadas","carro","25","50"
"AUGL133","7898252655207","Gauss Lâmpadas","carro","25","50"
"AUGL134","7898252655191","Gauss Lâmpadas","carro","25","50"
"AUGL135","7898252654965","Gauss Lâmpadas","carro","25","50"
"AUGL136","7898252654972","Gauss Lâmpadas","carro","25","50"
"AUGL137","7899751918442","Gauss Lâmpadas","carro","25","50"
"AUGL138","7899751918572","Gauss Lâmpadas","carro","25","50"
"AUGL139","7899751918404","Gauss Lâmpadas","carro","25","50"
"AUGL140","7899751918565","Gauss Lâmpadas","carro","25","50"
"AUGL141","7899751921893","Gauss Lâmpadas","carro","25","50"
"AUGL142","7899751923361","Gauss Lâmpadas","carro","25","50"
"AUGL143","7899751918428","Gauss Lâmpadas","carro","25","50"
"AUGL144","7899751918398","Gauss Lâmpadas","carro","25","50"
"AUGL145","7899751918459","Gauss Lâmpadas","carro","25","50"
"AUGL146","7899751918435","Gauss Lâmpadas","carro","25","50"
"AUGL147","7899751918541","Gauss Lâmpadas","carro","25","50"
"AUGL148","7899751918466","Gauss Lâmpadas","carro","25","50"
"AUGL149","7899751918558","Gauss Lâmpadas","carro","25","50"
"AUGL150","7898252656815","Gauss Lâmpadas","carro","25","50"
"AUGL151","7898541349305","Gauss Lâmpadas","carro","25","50"
"AUGL152","7898252654873","Gauss Lâmpadas","carro","25","50"
"AUGL153","7898252655146","Gauss Lâmpadas","carro","25","50"
"AUGL154","7898252655160","Gauss Lâmpadas","carro","25","50"
"AUGL155","7898541349312","Gauss Lâmpadas","carro","25","50"
"AUGL156","7898252654866","Gauss Lâmpadas","carro","25","50"
"AUGL157","7899751921947","Gauss Lâmpadas","carro","25","50"
"AUGL158","7899751921930","Gauss Lâmpadas","carro","25","50"
"AUGL159","7899751918527","Gauss Lâmpadas","carro","25","50"
"AUGL160","7899751919807","Gauss Lâmpadas","carro","25","50"
"AUGL161","7899751918336","Gauss Lâmpadas","carro","25","50"
"AUGL162","7899751918725","Gauss Lâmpadas","carro","25","50"
"AUGL163","7898541349336","Gauss Lâmpadas","carro","25","50"
"AUGL164","7899751916844","Gauss Lâmpadas","carro","25","50"
"AUGL165","7898541342184","Gauss Lâmpadas","carro","25","50"
"AUGL166","7898541349329","Gauss Lâmpadas","carro","25","50"
"AUGL167","7898252655115","Gauss Lâmpadas","carro","25","50"
"AUGL168","7898252654767","Gauss Lâmpadas","carro","25","50"
"AUGL169","7898252655108","Gauss Lâmpadas","carro","25","50"
"AUGL170","7899751918749","Gauss Lâmpadas","carro","25","50"
"AUGL171","7898252655122","Gauss Lâmpadas","carro","25","50"
"AUGL172","7898252655139","Gauss Lâmpadas","carro","25","50"
"AUGL173","7898252655177","Gauss Lâmpadas","carro","25","50"
"AUGL174","7899751918534","Gauss Lâmpadas","carro","25","50"
"AUGL175","7898541343341","Gauss Lâmpadas","carro","25","50"
"AUGL176","7898541343327","Gauss Lâmpadas","carro","25","50"
"AUGL177","7898541342177","Gauss Lâmpadas","carro","25","50"
"AUGL178","7899751918732","Gauss Lâmpadas","carro","25","50"
"AUGL179","7898252655184","Gauss Lâmpadas","carro","25","50"
"AUGL180","7899751918770","Gauss Lâmpadas","carro","25","50"
"AUGL181","7899751918510","Gauss Lâmpadas","carro","25","50"
"AUGL182","7899751932738","Gauss Lâmpadas","carro","25","50"
"AUGL183","7898252658994","Gauss Lâmpadas","carro","25","50"
"AUGL184","7899751928533","Gauss Lâmpadas","carro","25","50"
"AUGL185","7899751932844","Gauss Lâmpadas","carro","25","50"
"AUGL186","7899751928540","Gauss Lâmpadas","carro","25","50"
"AUGL187","7899751928564","Gauss Lâmpadas","carro","25","50"
"AUGL188","7899751928557","Gauss Lâmpadas","carro","25","50"
"AUGL189","7899751936972","Gauss Lâmpadas","carro","25","50"
"AUGL190","7899751936989","Gauss Lâmpadas","carro","25","50"
"AUGR413","7899751933216","Gauss Regulador voltagem","carro","25","264"
"AUGR414","7899751932912","Gauss Regulador voltagem","carro","25","264"
"AUGR415","0","Gauss Regulador voltagem","carro","25","264"
"AUGR416","7899751937269","Gauss Regulador voltagem","carro","25","264"
"AUGR417","7899751943048","Gauss Regulador voltagem","carro","25","264"
"AUGR418","7899751943055","Gauss Regulador voltagem","carro","25","264"
"AUGR419","7899751943062","Gauss Regulador voltagem","carro","25","264"
"AUGR420","7899751936811","Gauss Regulador voltagem","carro","25","264"
"AUGR421","0","Gauss Regulador voltagem","carro","25","264"
"AUGR422","7899751943086","Gauss Regulador voltagem","carro","25","264"
"AUGR423","0","Gauss Regulador voltagem","carro","25","264"
"AUGR424","7899751936774","Gauss Regulador voltagem","carro","25","264"
"AUGR500","7899751935869","Gauss Resistencia Do Ventilador","carro","25","287"
"AUGR501","7899751935890","Gauss Resistencia Do Ventilador","carro","25","287"
"AUGR502","7899751935913","Gauss Resistencia Do Ventilador","carro","25","287"
"AUGR503","7899751935920","Gauss Resistencia Do Ventilador","carro","25","287"
"AUGR504","7899751935937","Gauss Resistencia Do Ventilador","carro","25","287"
"AUGR505","7899751935944","Gauss Resistencia Do Ventilador","carro","25","287"
"AUGR506","7899751935951","Gauss Resistencia Do Ventilador","carro","25","287"
"AUGR507","7899751935982","Gauss Resistencia Do Ventilador","carro","25","287"
"AUGR508","7899751935999","Gauss Resistencia Do Ventilador","carro","25","287"
"AUGR509","7899751936033","Gauss Resistencia Do Ventilador","carro","25","287"
"AUGR510","7899751936040","Gauss Resistencia Do Ventilador","carro","25","287"
"AUGR511","7899751936071","Gauss Resistencia Do Ventilador","carro","25","287"
"AUGR512","7899751936088","Gauss Resistencia Do Ventilador","carro","25","287"
"AUGR513","7899751936156","Gauss Resistencia Do Ventilador","carro","25","287"
"AUGR514","7899751936194","Gauss Resistencia Do Ventilador","carro","25","287"
"AUGR515","7899751936255","Gauss Resistencia Do Ventilador","carro","25","287"
"AUGR516","7899751936309","Gauss Resistencia Do Ventilador","carro","25","287"
"AUGR517","7899751936514","Gauss Resistencia Do Ventilador","carro","25","287"
"AUGR518","7899751936521","Gauss Resistencia Do Ventilador","carro","25","287"
"AUGR519","7899751936538","Gauss Resistencia Do Ventilador","carro","25","287"
"AUGR520","7899751936545","Gauss Resistencia Do Ventilador","carro","25","287"
"AUGR521","7899751936576","Gauss Resistencia Do Ventilador","carro","25","287"
"AUGR522","7899751936590","Gauss Resistencia Do Ventilador","carro","25","287"
"AUGR523","7899751936606","Gauss Resistencia Do Ventilador","carro","25","287"
"AUGR524","7899751935586","Gauss Resistencia Do Ventilador","carro","25","287"
"AUGR525","7899751935593","Gauss Resistencia Do Ventilador","carro","25","287"
"AUGR526","7899751935494","Gauss Resistencia Do Ventilador","carro","25","287"
"AUGR527","7899751935609","Gauss Resistencia Do Ventilador","carro","25","287"
"AUGR528","7899751935548","Gauss Resistencia Do Ventilador","carro","25","287"
"AUGR529","7899751935616","Gauss Resistencia Do Ventilador","carro","25","287"
"AUGR530","7899751935623","Gauss Resistencia Do Ventilador","carro","25","287"
"AUGR531","7899751935630","Gauss Resistencia Do Ventilador","carro","25","287"
"AUGR532","7899751935647","Gauss Resistencia Do Ventilador","carro","25","287"
"AUGR533","7899751935500","Gauss Resistencia Do Ventilador","carro","25","287"
"AUGR534","7899751935654","Gauss Resistencia Do Ventilador","carro","25","287"
"AUGR535","7899751935661","Gauss Resistencia Do Ventilador","carro","25","287"
"AUGR536","7899751935678","Gauss Resistencia Do Ventilador","carro","25","287"
"AUGR537","7899751935685","Gauss Resistencia Do Ventilador","carro","25","287"
"AUGR538","7899751935692","Gauss Resistencia Do Ventilador","carro","25","287"
"AUGR539","7899751935708","Gauss Resistencia Do Ventilador","carro","25","287"
"AUGR540","7899751935715","Gauss Resistencia Do Ventilador","carro","25","287"
"AUGR541","7899751935517","Gauss Resistencia Do Ventilador","carro","25","287"
"AUGR542","7899751935722","Gauss Resistencia Do Ventilador","carro","25","287"
"AUGR543","7899751935739","Gauss Resistencia Do Ventilador","carro","25","287"
"AUGR544","7899751935746","Gauss Resistencia Do Ventilador","carro","25","287"
"AUGR545","7899751935753","Gauss Resistencia Do Ventilador","carro","25","287"
"AUGR546","7899751935760","Gauss Resistencia Do Ventilador","carro","25","287"
"AUGR547","7899751935777","Gauss Resistencia Do Ventilador","carro","25","287"
"AUGR548","7899751935784","Gauss Resistencia Do Ventilador","carro","25","287"
"AUGR549","7899751935791","Gauss Resistencia Do Ventilador","carro","25","287"
"AUGR550","7899751935807","Gauss Resistencia Do Ventilador","carro","25","287"
"AUGR551","7899751935814","Gauss Resistencia Do Ventilador","carro","25","287"
"AUGR552","7899751935821","Gauss Resistencia Do Ventilador","carro","25","287"
"AUGR553","7899751935838","Gauss Resistencia Do Ventilador","carro","25","287"
"AUGR554","7899751935845","Gauss Resistencia Do Ventilador","carro","25","287"
"AUGR555","7899751935852","Gauss Resistencia Do Ventilador","carro","25","287"
"AUGR556","7899751935524","Gauss Resistencia Do Ventilador","carro","25","287"
"AUGR557","7899751935876","Gauss Resistencia Do Ventilador","carro","25","287"
"AUGR558","7899751935883","Gauss Resistencia Do Ventilador","carro","25","287"
"AUGR559","7899751935906","Gauss Resistencia Do Ventilador","carro","25","287"
"AUGR560","7899751935555","Gauss Resistencia Do Ventilador","carro","25","287"
"AUGR561","7899751935968","Gauss Resistencia Do Ventilador","carro","25","287"
"AUGR562","7899751935975","Gauss Resistencia Do Ventilador","carro","25","287"
"AUGR563","7899751936002","Gauss Resistencia Do Ventilador","carro","25","287"
"AUGR564","7899751936019","Gauss Resistencia Do Ventilador","carro","25","287"
"AUGR565","7899751936026","Gauss Resistencia Do Ventilador","carro","25","287"
"AUGR566","7899751935531","Gauss Resistencia Do Ventilador","carro","25","287"
"AUGR567","7899751936057","Gauss Resistencia Do Ventilador","carro","25","287"
"AUGR568","7899751936064","Gauss Resistencia Do Ventilador","carro","25","287"
"AUGR569","7899751936095","Gauss Resistencia Do Ventilador","carro","25","287"
"AUGR570","7899751936101","Gauss Resistencia Do Ventilador","carro","25","287"
"AUGR571","7899751936118","Gauss Resistencia Do Ventilador","carro","25","287"
"AUGR572","7899751936125","Gauss Resistencia Do Ventilador","carro","25","287"
"AUGR573","7899751936132","Gauss Resistencia Do Ventilador","carro","25","287"
"AUGR574","7899751935562","Gauss Resistencia Do Ventilador","carro","25","287"
"AUGR575","7899751936149","Gauss Resistencia Do Ventilador","carro","25","287"
"AUGR576","7899751936163","Gauss Resistencia Do Ventilador","carro","25","287"
"AUGR577","7899751936170","Gauss Resistencia Do Ventilador","carro","25","287"
"AUGR578","7899751936187","Gauss Resistencia Do Ventilador","carro","25","287"
"AUGR579","7899751936200","Gauss Resistencia Do Ventilador","carro","25","287"
"AUGR580","7899751936217","Gauss Resistencia Do Ventilador","carro","25","287"
"AUGR581","7899751936224","Gauss Resistencia Do Ventilador","carro","25","287"
"AUGR582","7899751936231","Gauss Resistencia Do Ventilador","carro","25","287"
"AUGR583","7899751936248","Gauss Resistencia Do Ventilador","carro","25","287"
"AUGR584","7899751936262","Gauss Resistencia Do Ventilador","carro","25","287"
"AUGR585","7899751936279","Gauss Resistencia Do Ventilador","carro","25","287"
"AUGR586","7899751936286","Gauss Resistencia Do Ventilador","carro","25","287"
"AUGR587","7899751936293","Gauss Resistencia Do Ventilador","carro","25","287"
"AUGR588","7899751936316","Gauss Resistencia Do Ventilador","carro","25","287"
"AUGR589","7899751936323","Gauss Resistencia Do Ventilador","carro","25","287"
"AUGR590","7899751936330","Gauss Resistencia Do Ventilador","carro","25","287"
"AUGR591","7899751936347","Gauss Resistencia Do Ventilador","carro","25","287"
"AUGR592","7899751936354","Gauss Resistencia Do Ventilador","carro","25","287"
"AUGR593","7899751936361","Gauss Resistencia Do Ventilador","carro","25","287"
"AUGR594","7899751936378","Gauss Resistencia Do Ventilador","carro","25","287"
"AUGR595","7899751936385","Gauss Resistencia Do Ventilador","carro","25","287"
"AUGR596","7899751936392","Gauss Resistencia Do Ventilador","carro","25","287"
"AUGR597","7899751936408","Gauss Resistencia Do Ventilador","carro","25","287"
"AUGR598","7899751936415","Gauss Resistencia Do Ventilador","carro","25","287"
"AUGR599","7899751936422","Gauss Resistencia Do Ventilador","carro","25","287"
"AUGR600","7899751936439","Gauss Resistencia Do Ventilador","carro","25","287"
"AUGR601","7899751936446","Gauss Resistencia Do Ventilador","carro","25","287"
"AUGR602","7899751936453","Gauss Resistencia Do Ventilador","carro","25","287"
"AUGR603","7899751936460","Gauss Resistencia Do Ventilador","carro","25","287"
"AUGR604","7899751936477","Gauss Resistencia Do Ventilador","carro","25","287"
"AUGR605","7899751936484","Gauss Resistencia Do Ventilador","carro","25","287"
"AUGR606","7899751936491","Gauss Resistencia Do Ventilador","carro","25","287"
"AUGR607","7899751936507","Gauss Resistencia Do Ventilador","carro","25","287"
"AUGR608","7899751936552","Gauss Resistencia Do Ventilador","carro","25","287"
"AUGR609","7899751936569","Gauss Resistencia Do Ventilador","carro","25","287"
"AUGR610","7899751936583","Gauss Resistencia Do Ventilador","carro","25","287"
"AUGR611","7899751936613","Gauss Resistencia Do Ventilador","carro","25","287"
"AUGR612","7899751936620","Gauss Resistencia Do Ventilador","carro","25","287"
"AUGS1000","7899751939140","Gauss Sensor ABS","carro","25","272"
"AUGS1001","7899751939157","Gauss Sensor ABS","carro","25","272"
"AUGS1002","7899751934510","Gauss Sensor ABS","carro","25","272"
"AUGS1003","7899751934527","Gauss Sensor ABS","carro","25","272"
"AUGS1004","7899751934534","Gauss Sensor ABS","carro","25","272"
"AUGS1005","7899751939164","Gauss Sensor ABS","carro","25","272"
"AUGS1006","7899751939171","Gauss Sensor ABS","carro","25","272"
"AUGS1007","7899751939188","Gauss Sensor ABS","carro","25","272"
"AUGS1008","7899751939195","Gauss Sensor ABS","carro","25","272"
"AUGS1009","7899751939201","Gauss Sensor ABS","carro","25","272"
"AUGS1010","7899751934541","Gauss Sensor ABS","carro","25","272"
"AUGS1011","7899751934558","Gauss Sensor ABS","carro","25","272"
"AUGS1012","7899751939218","Gauss Sensor ABS","carro","25","272"
"AUGS1013","7899751934565","Gauss Sensor ABS","carro","25","272"
"AUGS1014","7899751939225","Gauss Sensor ABS","carro","25","272"
"AUGS1015","7899751939232","Gauss Sensor ABS","carro","25","272"
"AUGS1016","7899751939249","Gauss Sensor ABS","carro","25","272"
"AUGS1017","7899751939256","Gauss Sensor ABS","carro","25","272"
"AUGS1018","7899751939263","Gauss Sensor ABS","carro","25","272"
"AUGS1019","7899751939270","Gauss Sensor ABS","carro","25","272"
"AUGS1020","7899751939287","Gauss Sensor ABS","carro","25","272"
"AUGS1021","7899751939294","Gauss Sensor ABS","carro","25","272"
"AUGS1022","7899751934572","Gauss Sensor ABS","carro","25","272"
"AUGS1023","7899751934589","Gauss Sensor ABS","carro","25","272"
"AUGS1024","7899751934596","Gauss Sensor ABS","carro","25","272"
"AUGS1025","7899751934602","Gauss Sensor ABS","carro","25","272"
"AUGS1026","7899751934619","Gauss Sensor ABS","carro","25","272"
"AUGS1027","7899751934626","Gauss Sensor ABS","carro","25","272"
"AUGS1028","7899751934633","Gauss Sensor ABS","carro","25","272"
"AUGS1029","7899751934657","Gauss Sensor ABS","carro","25","272"
"AUGS1030","7899751934664","Gauss Sensor ABS","carro","25","272"
"AUGS1031","7899751934671","Gauss Sensor ABS","carro","25","272"
"AUGS1032","7899751939300","Gauss Sensor ABS","carro","25","272"
"AUGS1033","7899751939317","Gauss Sensor ABS","carro","25","272"
"AUGS1034","7899751934688","Gauss Sensor ABS","carro","25","272"
"AUGS1035","7899751934695","Gauss Sensor ABS","carro","25","272"
"AUGS1036","7899751939324","Gauss Sensor ABS","carro","25","272"
"AUGS1037","7899751939331","Gauss Sensor ABS","carro","25","272"
"AUGS1038","7899751934701","Gauss Sensor ABS","carro","25","272"
"AUGS1039","7899751939348","Gauss Sensor ABS","carro","25","272"
"AUGS1040","7899751934718","Gauss Sensor ABS","carro","25","272"
"AUGS1041","7899751934725","Gauss Sensor ABS","carro","25","272"
"AUGS1042","7899751934732","Gauss Sensor ABS","carro","25","272"
"AUGS1043","7899751939355","Gauss Sensor ABS","carro","25","272"
"AUGS1044","7899751939362","Gauss Sensor ABS","carro","25","272"
"AUGS1045","7899751934749","Gauss Sensor ABS","carro","25","272"
"AUGS1046","7899751939379","Gauss Sensor ABS","carro","25","272"
"AUGS1047","7899751934756","Gauss Sensor ABS","carro","25","272"
"AUGS1048","7899751934763","Gauss Sensor ABS","carro","25","272"
"AUGS1049","7899751939386","Gauss Sensor ABS","carro","25","272"
"AUGS1050","7899751939393","Gauss Sensor ABS","carro","25","272"
"AUGS1051","7899751939409","Gauss Sensor ABS","carro","25","272"
"AUGS1052","7899751934770","Gauss Sensor ABS","carro","25","272"
"AUGS1053","7899751934787","Gauss Sensor ABS","carro","25","272"
"AUGS1054","7899751939416","Gauss Sensor ABS","carro","25","272"
"AUGS1055","7899751939423","Gauss Sensor ABS","carro","25","272"
"AUGS1056","7899751939430","Gauss Sensor ABS","carro","25","272"
"AUGS1057","7899751939447","Gauss Sensor ABS","carro","25","272"
"AUGS1058","7899751939454","Gauss Sensor ABS","carro","25","272"
"AUGS1059","7899751939461","Gauss Sensor ABS","carro","25","272"
"AUGS1060","7899751939478","Gauss Sensor ABS","carro","25","272"
"AUGS1061","7899751939485","Gauss Sensor ABS","carro","25","272"
"AUGS1062","7899751939492","Gauss Sensor ABS","carro","25","272"
"AUGS1063","7899751939508","Gauss Sensor ABS","carro","25","272"
"AUGS1064","7899751939515","Gauss Sensor ABS","carro","25","272"
"AUGS1065","7899751939522","Gauss Sensor ABS","carro","25","272"
"AUGS1066","7899751939539","Gauss Sensor ABS","carro","25","272"
"AUGS1067","7899751934794","Gauss Sensor ABS","carro","25","272"
"AUGS1068","7899751939546","Gauss Sensor ABS","carro","25","272"
"AUGS1069","7899751939553","Gauss Sensor ABS","carro","25","272"
"AUGS1070","7899751939560","Gauss Sensor ABS","carro","25","272"
"AUGS1071","7899751939577","Gauss Sensor ABS","carro","25","272"
"AUGS1072","7899751939584","Gauss Sensor ABS","carro","25","272"
"AUGS1073","7899751939591","Gauss Sensor ABS","carro","25","272"
"AUGS1074","7899751939607","Gauss Sensor ABS","carro","25","272"
"AUGS1075","7899751939614","Gauss Sensor ABS","carro","25","272"
"AUGS1076","7899751939621","Gauss Sensor ABS","carro","25","272"
"AUGS1077","7899751939638","Gauss Sensor ABS","carro","25","272"
"AUGS1078","7899751939645","Gauss Sensor ABS","carro","25","272"
"AUGS1079","7899751939652","Gauss Sensor ABS","carro","25","272"
"AUGS1080","7899751939669","Gauss Sensor ABS","carro","25","272"
"AUGS1081","7899751939676","Gauss Sensor ABS","carro","25","272"
"AUGS1082","7899751939683","Gauss Sensor ABS","carro","25","272"
"AUGS1083","7899751939690","Gauss Sensor ABS","carro","25","272"
"AUGS1084","7899751939706","Gauss Sensor ABS","carro","25","272"
"AUGS1085","7899751939713","Gauss Sensor ABS","carro","25","272"
"AUGS1086","7899751939720","Gauss Sensor ABS","carro","25","272"
"AUGS1087","7899751939737","Gauss Sensor ABS","carro","25","272"
"AUGS1088","7899751939744","Gauss Sensor ABS","carro","25","272"
"AUGS1089","7899751939751","Gauss Sensor ABS","carro","25","272"
"AUGS1090","7899751939768","Gauss Sensor ABS","carro","25","272"
"AUGS1091","7899751939775","Gauss Sensor ABS","carro","25","272"
"AUGS1092","7899751939782","Gauss Sensor ABS","carro","25","272"
"AUGS1093","7899751934800","Gauss Sensor ABS","carro","25","272"
"AUGS1094","7899751939799","Gauss Sensor ABS","carro","25","272"
"AUGS1095","7899751939805","Gauss Sensor ABS","carro","25","272"
"AUGS1096","7899751934817","Gauss Sensor ABS","carro","25","272"
"AUGS1097","7899751934824","Gauss Sensor ABS","carro","25","272"
"AUGS1098","7899751934831","Gauss Sensor ABS","carro","25","272"
"AUGS1099","7899751934848","Gauss Sensor ABS","carro","25","272"
"AUGS1100","7899751934855","Gauss Sensor ABS","carro","25","272"
"AUGS1101","7899751934862","Gauss Sensor ABS","carro","25","272"
"AUGS1102","7899751934879","Gauss Sensor ABS","carro","25","272"
"AUGS1103","7899751939812","Gauss Sensor ABS","carro","25","272"
"AUGS1104","7899751939829","Gauss Sensor ABS","carro","25","272"
"AUGS1105","7899751939836","Gauss Sensor ABS","carro","25","272"
"AUGS1106","7899751939843","Gauss Sensor ABS","carro","25","272"
"AUGS1107","7899751939850","Gauss Sensor ABS","carro","25","272"
"AUGS1108","7899751939867","Gauss Sensor ABS","carro","25","272"
"AUGS1109","7899751934886","Gauss Sensor ABS","carro","25","272"
"AUGS1110","7899751934893","Gauss Sensor ABS","carro","25","272"
"AUGS1111","7899751934909","Gauss Sensor ABS","carro","25","272"
"AUGS1112","7899751939874","Gauss Sensor ABS","carro","25","272"
"AUGS1113","7899751939881","Gauss Sensor ABS","carro","25","272"
"AUGS1114","7899751939898","Gauss Sensor ABS","carro","25","272"
"AUGS1115","7899751939904","Gauss Sensor ABS","carro","25","272"
"AUGS1116","7899751939911","Gauss Sensor ABS","carro","25","272"
"AUGS1117","7899751939928","Gauss Sensor ABS","carro","25","272"
"AUGS1118","7899751939935","Gauss Sensor ABS","carro","25","272"
"AUGS1119","7899751939942","Gauss Sensor ABS","carro","25","272"
"AUGS1120","7899751939959","Gauss Sensor ABS","carro","25","272"
"AUGS1121","7899751939966","Gauss Sensor ABS","carro","25","272"
"AUGS1122","7899751939973","Gauss Sensor ABS","carro","25","272"
"AUGS1123","7899751939980","Gauss Sensor ABS","carro","25","272"
"AUGS1124","7899751939997","Gauss Sensor ABS","carro","25","272"
"AUGS1125","7899751940009","Gauss Sensor ABS","carro","25","272"
"AUGS1126","7899751940016","Gauss Sensor ABS","carro","25","272"
"AUGS1127","7899751940023","Gauss Sensor ABS","carro","25","272"
"AUGS1128","7899751940047","Gauss Sensor ABS","carro","25","272"
"AUGS1129","7899751940054","Gauss Sensor ABS","carro","25","272"
"AUGS1130","7899751940061","Gauss Sensor ABS","carro","25","272"
"AUGS1131","7899751940078","Gauss Sensor ABS","carro","25","272"
"AUGS1132","7899751940085","Gauss Sensor ABS","carro","25","272"
"AUGS1133","7899751940092","Gauss Sensor ABS","carro","25","272"
"AUGS1134","7899751940108","Gauss Sensor ABS","carro","25","272"
"AUGS1135","7899751940115","Gauss Sensor ABS","carro","25","272"
"AUGS1136","7899751940122","Gauss Sensor ABS","carro","25","272"
"AUGS1137","7899751940139","Gauss Sensor ABS","carro","25","272"
"AUGS1138","7899751934916","Gauss Sensor ABS","carro","25","272"
"AUGS1139","7899751940146","Gauss Sensor ABS","carro","25","272"
"AUGS1140","7899751940153","Gauss Sensor ABS","carro","25","272"
"AUGS1141","7899751940160","Gauss Sensor ABS","carro","25","272"
"AUGS1142","7899751940177","Gauss Sensor ABS","carro","25","272"
"AUGS1143","7899751940184","Gauss Sensor ABS","carro","25","272"
"AUGS1144","7899751940191","Gauss Sensor ABS","carro","25","272"
"AUGS1145","7899751940207","Gauss Sensor ABS","carro","25","272"
"AUGS1146","7899751940214","Gauss Sensor ABS","carro","25","272"
"AUGS1147","7899751934923","Gauss Sensor ABS","carro","25","272"
"AUGS1148","7899751934930","Gauss Sensor ABS","carro","25","272"
"AUGS1149","7899751940221","Gauss Sensor ABS","carro","25","272"
"AUGS1150","7899751934947","Gauss Sensor ABS","carro","25","272"
"AUGS1151","7899751940238","Gauss Sensor ABS","carro","25","272"
"AUGS1152","7899751940245","Gauss Sensor ABS","carro","25","272"
"AUGS1153","7899751940252","Gauss Sensor ABS","carro","25","272"
"AUGS1154","7899751940269","Gauss Sensor ABS","carro","25","272"
"AUGS1155","7899751940276","Gauss Sensor ABS","carro","25","272"
"AUGS1156","7899751940283","Gauss Sensor ABS","carro","25","272"
"AUGS1157","7899751940290","Gauss Sensor ABS","carro","25","272"
"AUGS1158","7899751934954","Gauss Sensor ABS","carro","25","272"
"AUGS1159","7899751940306","Gauss Sensor ABS","carro","25","272"
"AUGS1160","7899751940313","Gauss Sensor ABS","carro","25","272"
"AUGS1161","7899751940320","Gauss Sensor ABS","carro","25","272"
"AUGS1162","7899751940337","Gauss Sensor ABS","carro","25","272"
"AUGS1163","7899751940344","Gauss Sensor ABS","carro","25","272"
"AUGS1164","7899751940351","Gauss Sensor ABS","carro","25","272"
"AUGS1165","7899751940368","Gauss Sensor ABS","carro","25","272"
"AUGS1166","7899751940375","Gauss Sensor ABS","carro","25","272"
"AUGS1167","7899751940382","Gauss Sensor ABS","carro","25","272"
"AUGS1168","7899751940399","Gauss Sensor ABS","carro","25","272"
"AUGS1169","7899751940405","Gauss Sensor ABS","carro","25","272"
"AUGS1170","7899751940412","Gauss Sensor ABS","carro","25","272"
"AUGS1171","7899751940429","Gauss Sensor ABS","carro","25","272"
"AUGS1172","7899751940436","Gauss Sensor ABS","carro","25","272"
"AUGS1173","7899751940443","Gauss Sensor ABS","carro","25","272"
"AUGS1174","7899751940450","Gauss Sensor ABS","carro","25","272"
"AUGS1175","7899751940467","Gauss Sensor ABS","carro","25","272"
"AUGS1176","7899751940474","Gauss Sensor ABS","carro","25","272"
"AUGS1177","7899751940481","Gauss Sensor ABS","carro","25","272"
"AUGS1178","7899751940498","Gauss Sensor ABS","carro","25","272"
"AUGS1179","7899751940504","Gauss Sensor ABS","carro","25","272"
"AUGS1180","7899751934961","Gauss Sensor ABS","carro","25","272"
"AUGS1181","7899751934978","Gauss Sensor ABS","carro","25","272"
"AUGS1182","7899751940511","Gauss Sensor ABS","carro","25","272"
"AUGS1183","7899751940528","Gauss Sensor ABS","carro","25","272"
"AUGS1184","7899751940535","Gauss Sensor ABS","carro","25","272"
"AUGS1185","7899751940542","Gauss Sensor ABS","carro","25","272"
"AUGS1186","7899751934985","Gauss Sensor ABS","carro","25","272"
"AUGS1187","7899751934992","Gauss Sensor ABS","carro","25","272"
"AUGS1188","7899751935005","Gauss Sensor ABS","carro","25","272"
"AUGS1189","7899751935012","Gauss Sensor ABS","carro","25","272"
"AUGS1190","7899751940559","Gauss Sensor ABS","carro","25","272"
"AUGS1191","7899751940566","Gauss Sensor ABS","carro","25","272"
"AUGS1192","7899751935029","Gauss Sensor ABS","carro","25","272"
"AUGS1193","7899751935036","Gauss Sensor ABS","carro","25","272"
"AUGS1194","7899751940573","Gauss Sensor ABS","carro","25","272"
"AUGS1195","7899751940580","Gauss Sensor ABS","carro","25","272"
"AUGS1196","7899751935043","Gauss Sensor ABS","carro","25","272"
"AUGS1197","7899751935050","Gauss Sensor ABS","carro","25","272"
"AUGS1198","7899751935067","Gauss Sensor ABS","carro","25","272"
"AUGS1199","7899751935074","Gauss Sensor ABS","carro","25","272"
"AUGS1200","7899751940597","Gauss Sensor ABS","carro","25","272"
"AUGS1201","7899751940603","Gauss Sensor ABS","carro","25","272"
"AUGS1202","7899751940610","Gauss Sensor ABS","carro","25","272"
"AUGS1203","7899751940627","Gauss Sensor ABS","carro","25","272"
"AUGS1204","7899751940634","Gauss Sensor ABS","carro","25","272"
"AUGS1205","7899751940641","Gauss Sensor ABS","carro","25","272"
"AUGS1206","7899751940658","Gauss Sensor ABS","carro","25","272"
"AUGS1207","7899751940665","Gauss Sensor ABS","carro","25","272"
"AUGS1208","7899751940672","Gauss Sensor ABS","carro","25","272"
"AUGS1209","7899751940689","Gauss Sensor ABS","carro","25","272"
"AUGS1210","7899751935081","Gauss Sensor ABS","carro","25","272"
"AUGS1211","7899751935098","Gauss Sensor ABS","carro","25","272"
"AUGS1212","7899751940696","Gauss Sensor ABS","carro","25","272"
"AUGS1213","7899751940702","Gauss Sensor ABS","carro","25","272"
"AUGS1214","7899751940719","Gauss Sensor ABS","carro","25","272"
"AUGS1215","7899751940726","Gauss Sensor ABS","carro","25","272"
"AUGS1216","7899751935104","Gauss Sensor ABS","carro","25","272"
"AUGS1217","7899751935111","Gauss Sensor ABS","carro","25","272"
"AUGS1218","7899751940733","Gauss Sensor ABS","carro","25","272"
"AUGS1219","7899751935128","Gauss Sensor ABS","carro","25","272"
"AUGS1220","7899751935135","Gauss Sensor ABS","carro","25","272"
"AUGS1221","7899751940740","Gauss Sensor ABS","carro","25","272"
"AUGS1222","7899751940757","Gauss Sensor ABS","carro","25","272"
"AUGS1223","7899751940764","Gauss Sensor ABS","carro","25","272"
"AUGS1224","7899751940771","Gauss Sensor ABS","carro","25","272"
"AUGS1225","7899751935142","Gauss Sensor ABS","carro","25","272"
"AUGS1226","7899751935159","Gauss Sensor ABS","carro","25","272"
"AUGS1227","7899751940788","Gauss Sensor ABS","carro","25","272"
"AUGS1228","7899751935166","Gauss Sensor ABS","carro","25","272"
"AUGS1229","7899751935173","Gauss Sensor ABS","carro","25","272"
"AUGS1230","7899751935180","Gauss Sensor ABS","carro","25","272"
"AUGS1231","7899751940795","Gauss Sensor ABS","carro","25","272"
"AUGS1232","7899751940801","Gauss Sensor ABS","carro","25","272"
"AUGS1233","7899751940818","Gauss Sensor ABS","carro","25","272"
"AUGS1234","7899751935197","Gauss Sensor ABS","carro","25","272"
"AUGS1235","7899751940825","Gauss Sensor ABS","carro","25","272"
"AUGS1236","7899751940832","Gauss Sensor ABS","carro","25","272"
"AUGS1237","7899751940849","Gauss Sensor ABS","carro","25","272"
"AUGS1238","7899751940856","Gauss Sensor ABS","carro","25","272"
"AUGS1239","7899751940863","Gauss Sensor ABS","carro","25","272"
"AUGS1240","7899751940870","Gauss Sensor ABS","carro","25","272"
"AUGS1241","7899751940887","Gauss Sensor ABS","carro","25","272"
"AUGS1242","7899751940894","Gauss Sensor ABS","carro","25","272"
"AUGS1243","7899751940900","Gauss Sensor ABS","carro","25","272"
"AUGS1244","7899751940917","Gauss Sensor ABS","carro","25","272"
"AUGS1245","7899751940924","Gauss Sensor ABS","carro","25","272"
"AUGS1246","7899751940931","Gauss Sensor ABS","carro","25","272"
"AUGS1247","7899751940948","Gauss Sensor ABS","carro","25","272"
"AUGS1248","7899751940955","Gauss Sensor ABS","carro","25","272"
"AUGS1249","7899751940962","Gauss Sensor ABS","carro","25","272"
"AUGS1250","7899751940979","Gauss Sensor ABS","carro","25","272"
"AUGS1251","7899751940986","Gauss Sensor ABS","carro","25","272"
"AUGS1252","7899751940993","Gauss Sensor ABS","carro","25","272"
"AUGS1253","7899751941006","Gauss Sensor ABS","carro","25","272"
"AUGS1254","7899751941013","Gauss Sensor ABS","carro","25","272"
"AUGS1255","7899751941020","Gauss Sensor ABS","carro","25","272"
"AUGS1256","7899751935210","Gauss Sensor ABS","carro","25","272"
"AUGS1257","7899751935227","Gauss Sensor ABS","carro","25","272"
"AUGS1258","7899751941037","Gauss Sensor ABS","carro","25","272"
"AUGS1259","7899751941044","Gauss Sensor ABS","carro","25","272"
"AUGS1260","7899751941051","Gauss Sensor ABS","carro","25","272"
"AUGS1261","7899751941068","Gauss Sensor ABS","carro","25","272"
"AUGS1262","7899751941075","Gauss Sensor ABS","carro","25","272"
"AUGS1263","7899751941082","Gauss Sensor ABS","carro","25","272"
"AUGS1264","7899751941099","Gauss Sensor ABS","carro","25","272"
"AUGS1265","7899751941105","Gauss Sensor ABS","carro","25","272"
"AUGS1266","7899751941112","Gauss Sensor ABS","carro","25","272"
"AUGS1267","7899751941129","Gauss Sensor ABS","carro","25","272"
"AUGS1268","7899751941136","Gauss Sensor ABS","carro","25","272"
"AUGS1269","7899751941143","Gauss Sensor ABS","carro","25","272"
"AUGS1270","7899751941150","Gauss Sensor ABS","carro","25","272"
"AUGS1271","7899751941167","Gauss Sensor ABS","carro","25","272"
"AUGS1272","7899751941174","Gauss Sensor ABS","carro","25","272"
"AUGS1273","7899751935234","Gauss Sensor ABS","carro","25","272"
"AUGS1274","7899751935241","Gauss Sensor ABS","carro","25","272"
"AUGS1275","7899751935258","Gauss Sensor ABS","carro","25","272"
"AUGS771","7899751933407","Gauss Sensor ABS","carro","25","272"
"AUGS772","7899751933414","Gauss Sensor ABS","carro","25","272"
"AUGS773","7899751933421","Gauss Sensor ABS","carro","25","272"
"AUGS774","7899751933438","Gauss Sensor ABS","carro","25","272"
"AUGS775","7899751933445","Gauss Sensor ABS","carro","25","272"
"AUGS776","7899751933452","Gauss Sensor ABS","carro","25","272"
"AUGS777","7899751933469","Gauss Sensor ABS","carro","25","272"
"AUGS778","7899751933148","Gauss Sensor ABS","carro","25","272"
"AUGS779","7899751936682","Gauss Sensor ABS","carro","25","272"
"AUGS780","7899751933476","Gauss Sensor ABS","carro","25","272"
"AUGS781","7899751933483","Gauss Sensor ABS","carro","25","272"
"AUGS782","7899751933490","Gauss Sensor ABS","carro","25","272"
"AUGS783","7899751933506","Gauss Sensor ABS","carro","25","272"
"AUGS784","7899751933513","Gauss Sensor ABS","carro","25","272"
"AUGS785","7899751933520","Gauss Sensor ABS","carro","25","272"
"AUGS786","7899751933537","Gauss Sensor ABS","carro","25","272"
"AUGS787","7899751933544","Gauss Sensor ABS","carro","25","272"
"AUGS788","7899751933551","Gauss Sensor ABS","carro","25","272"
"AUGS789","7899751933568","Gauss Sensor ABS","carro","25","272"
"AUGS790","7899751933575","Gauss Sensor ABS","carro","25","272"
"AUGS791","7899751933582","Gauss Sensor ABS","carro","25","272"
"AUGS792","7899751933599","Gauss Sensor ABS","carro","25","272"
"AUGS793","7899751933605","Gauss Sensor ABS","carro","25","272"
"AUGS794","7899751933612","Gauss Sensor ABS","carro","25","272"
"AUGS795","7899751933629","Gauss Sensor ABS","carro","25","272"
"AUGS796","7899751933636","Gauss Sensor ABS","carro","25","272"
"AUGS797","7899751933643","Gauss Sensor ABS","carro","25","272"
"AUGS798","7899751933650","Gauss Sensor ABS","carro","25","272"
"AUGS799","7899751933667","Gauss Sensor ABS","carro","25","272"
"AUGS800","7899751933674","Gauss Sensor ABS","carro","25","272"
"AUGS801","7899751933681","Gauss Sensor ABS","carro","25","272"
"AUGS802","7899751933698","Gauss Sensor ABS","carro","25","272"
"AUGS803","7899751933704","Gauss Sensor ABS","carro","25","272"
"AUGS804","7899751933711","Gauss Sensor ABS","carro","25","272"
"AUGS805","7899751933728","Gauss Sensor ABS","carro","25","272"
"AUGS806","7899751933735","Gauss Sensor ABS","carro","25","272"
"AUGS807","7899751933742","Gauss Sensor ABS","carro","25","272"
"AUGS808","7899751933759","Gauss Sensor ABS","carro","25","272"
"AUGS809","7899751933766","Gauss Sensor ABS","carro","25","272"
"AUGS810","7899751933773","Gauss Sensor ABS","carro","25","272"
"AUGS811","7899751933780","Gauss Sensor ABS","carro","25","272"
"AUGS812","7899751933797","Gauss Sensor ABS","carro","25","272"
"AUGS813","7899751933803","Gauss Sensor ABS","carro","25","272"
"AUGS814","7899751932974","Gauss Sensor ABS","carro","25","272"
"AUGS815","7899751932981","Gauss Sensor ABS","carro","25","272"
"AUGS816","7899751933810","Gauss Sensor ABS","carro","25","272"
"AUGS817","7899751933827","Gauss Sensor ABS","carro","25","272"
"AUGS818","7899751933100","Gauss Sensor ABS","carro","25","272"
"AUGS819","7899751932998","Gauss Sensor ABS","carro","25","272"
"AUGS820","7899751933834","Gauss Sensor ABS","carro","25","272"
"AUGS821","7899751933841","Gauss Sensor ABS","carro","25","272"
"AUGS822","7899751933858","Gauss Sensor ABS","carro","25","272"
"AUGS823","7899751933865","Gauss Sensor ABS","carro","25","272"
"AUGS824","7899751933872","Gauss Sensor ABS","carro","25","272"
"AUGS825","7899751933889","Gauss Sensor ABS","carro","25","272"
"AUGS826","7899751933896","Gauss Sensor ABS","carro","25","272"
"AUGS827","7899751933902","Gauss Sensor ABS","carro","25","272"
"AUGS828","7899751933919","Gauss Sensor ABS","carro","25","272"
"AUGS829","7899751933926","Gauss Sensor ABS","carro","25","272"
"AUGS830","7899751933933","Gauss Sensor ABS","carro","25","272"
"AUGS831","7899751933940","Gauss Sensor ABS","carro","25","272"
"AUGS832","7899751933957","Gauss Sensor ABS","carro","25","272"
"AUGS833","7899751933964","Gauss Sensor ABS","carro","25","272"
"AUGS834","7899751933971","Gauss Sensor ABS","carro","25","272"
"AUGS835","7899751933988","Gauss Sensor ABS","carro","25","272"
"AUGS836","7899751933995","Gauss Sensor ABS","carro","25","272"
"AUGS837","7899751934008","Gauss Sensor ABS","carro","25","272"
"AUGS838","7899751934015","Gauss Sensor ABS","carro","25","272"
"AUGS839","7899751934022","Gauss Sensor ABS","carro","25","272"
"AUGS840","7899751934039","Gauss Sensor ABS","carro","25","272"
"AUGS841","7899751934046","Gauss Sensor ABS","carro","25","272"
"AUGS842","7899751934053","Gauss Sensor ABS","carro","25","272"
"AUGS843","7899751934060","Gauss Sensor ABS","carro","25","272"
"AUGS844","7899751934077","Gauss Sensor ABS","carro","25","272"
"AUGS845","7899751934084","Gauss Sensor ABS","carro","25","272"
"AUGS846","7899751934091","Gauss Sensor ABS","carro","25","272"
"AUGS847","7899751934107","Gauss Sensor ABS","carro","25","272"
"AUGS848","7899751934114","Gauss Sensor ABS","carro","25","272"
"AUGS849","7899751934121","Gauss Sensor ABS","carro","25","272"
"AUGS850","7899751934138","Gauss Sensor ABS","carro","25","272"
"AUGS851","7899751934145","Gauss Sensor ABS","carro","25","272"
"AUGS852","7899751934152","Gauss Sensor ABS","carro","25","272"
"AUGS853","7899751934169","Gauss Sensor ABS","carro","25","272"
"AUGS854","7899751934176","Gauss Sensor ABS","carro","25","272"
"AUGS855","7899751934183","Gauss Sensor ABS","carro","25","272"
"AUGS856","7899751934190","Gauss Sensor ABS","carro","25","272"
"AUGS857","7899751934206","Gauss Sensor ABS","carro","25","272"
"AUGS858","7899751909747","Gauss Sensor Fluxo Ar","carro","25","273"
"AUGS859","7899751935302","Gauss Sensor de posição da borboleta (TPS)","carro","25","107"
"AUGS860","7899751935319","Gauss Sensor de posição da borboleta (TPS)","carro","25","107"
"AUGS861","7899751933131","Gauss Sensor de rotação","carro","25","108"
"AUGS862","7899751933025","Gauss Sensor de rotação","carro","25","108"
"AUGS863","7899751932967","Gauss Sensor de rotação","carro","25","108"
"AUGS864","7899751935425","Gauss Sensor de rotação","carro","25","108"
"AUGS865","7899751935449","Gauss Sensor de rotação","carro","25","108"
"AUGS866","7899751936675","Gauss Sensor de Detonação","carro","25","105"
"AUGS867","7899751930581","Gauss Sensor DPF","carro","25","277"
"AUGS868","7899751933322","Gauss Sensor MAP","carro","25","276"
"AUGS869","7899751930901","Gauss Sensor MAP","carro","25","276"
"AUGS870","7899751938150","Gauss Sensor MAP","carro","25","276"
"AUGS871","7899751933339","Gauss Sensor MAP","carro","25","276"
"AUGS872","7899751933346","Gauss Sensor MAP","carro","25","276"
"AUGS873","7899751935289","Gauss Sensor MAP","carro","25","276"
"AUGS874","7899751938174","Gauss Sensor ABS","carro","25","272"
"AUGS875","7899751938181","Gauss Sensor ABS","carro","25","272"
"AUGS876","7899751938198","Gauss Sensor ABS","carro","25","272"
"AUGS877","7899751938204","Gauss Sensor ABS","carro","25","272"
"AUGS878","7899751938211","Gauss Sensor ABS","carro","25","272"
"AUGS879","7899751938228","Gauss Sensor ABS","carro","25","272"
"AUGS880","7899751938235","Gauss Sensor ABS","carro","25","272"
"AUGS881","7899751938242","Gauss Sensor ABS","carro","25","272"
"AUGS882","7899751938259","Gauss Sensor ABS","carro","25","272"
"AUGS883","7899751938266","Gauss Sensor ABS","carro","25","272"
"AUGS884","7899751938273","Gauss Sensor ABS","carro","25","272"
"AUGS885","7899751938280","Gauss Sensor ABS","carro","25","272"
"AUGS886","7899751938297","Gauss Sensor ABS","carro","25","272"
"AUGS887","7899751938303","Gauss Sensor ABS","carro","25","272"
"AUGS888","7899751938310","Gauss Sensor ABS","carro","25","272"
"AUGS889","7899751938327","Gauss Sensor ABS","carro","25","272"
"AUGS890","7899751938334","Gauss Sensor ABS","carro","25","272"
"AUGS891","7899751938341","Gauss Sensor ABS","carro","25","272"
"AUGS892","7899751938358","Gauss Sensor ABS","carro","25","272"
"AUGS893","7899751938365","Gauss Sensor ABS","carro","25","272"
"AUGS894","7899751938372","Gauss Sensor ABS","carro","25","272"
"AUGS895","7899751938389","Gauss Sensor ABS","carro","25","272"
"AUGS896","7899751938396","Gauss Sensor ABS","carro","25","272"
"AUGS897","7899751934213","Gauss Sensor ABS","carro","25","272"
"AUGS898","7899751934220","Gauss Sensor ABS","carro","25","272"
"AUGS899","7899751934237","Gauss Sensor ABS","carro","25","272"
"AUGS900","7899751934244","Gauss Sensor ABS","carro","25","272"
"AUGS901","7899751934251","Gauss Sensor ABS","carro","25","272"
"AUGS902","7899751934268","Gauss Sensor ABS","carro","25","272"
"AUGS903","7899751934275","Gauss Sensor ABS","carro","25","272"
"AUGS904","7899751934282","Gauss Sensor ABS","carro","25","272"
"AUGS905","7899751934299","Gauss Sensor ABS","carro","25","272"
"AUGS906","7899751938402","Gauss Sensor ABS","carro","25","272"
"AUGS907","7899751934305","Gauss Sensor ABS","carro","25","272"
"AUGS908","7899751934312","Gauss Sensor ABS","carro","25","272"
"AUGS909","7899751934329","Gauss Sensor ABS","carro","25","272"
"AUGS910","7899751934336","Gauss Sensor ABS","carro","25","272"
"AUGS911","7899751934343","Gauss Sensor ABS","carro","25","272"
"AUGS912","7899751938419","Gauss Sensor ABS","carro","25","272"
"AUGS913","7899751938426","Gauss Sensor ABS","carro","25","272"
"AUGS914","7899751934350","Gauss Sensor ABS","carro","25","272"
"AUGS915","7899751934367","Gauss Sensor ABS","carro","25","272"
"AUGS916","7899751934374","Gauss Sensor ABS","carro","25","272"
"AUGS917","7899751934381","Gauss Sensor ABS","carro","25","272"
"AUGS918","7899751934398","Gauss Sensor ABS","carro","25","272"
"AUGS919","7899751938433","Gauss Sensor ABS","carro","25","272"
"AUGS920","7899751938440","Gauss Sensor ABS","carro","25","272"
"AUGS921","7899751938457","Gauss Sensor ABS","carro","25","272"
"AUGS922","7899751938464","Gauss Sensor ABS","carro","25","272"
"AUGS923","7899751938471","Gauss Sensor ABS","carro","25","272"
"AUGS924","7899751934404","Gauss Sensor ABS","carro","25","272"
"AUGS925","7899751938488","Gauss Sensor ABS","carro","25","272"
"AUGS926","7899751938495","Gauss Sensor ABS","carro","25","272"
"AUGS927","7899751934411","Gauss Sensor ABS","carro","25","272"
"AUGS928","7899751938501","Gauss Sensor ABS","carro","25","272"
"AUGS929","7899751934428","Gauss Sensor ABS","carro","25","272"
"AUGS930","7899751938518","Gauss Sensor ABS","carro","25","272"
"AUGS931","7899751938525","Gauss Sensor ABS","carro","25","272"
"AUGS932","7899751938532","Gauss Sensor ABS","carro","25","272"
"AUGS933","7899751938549","Gauss Sensor ABS","carro","25","272"
"AUGS934","7899751938556","Gauss Sensor ABS","carro","25","272"
"AUGS935","7899751938563","Gauss Sensor ABS","carro","25","272"
"AUGS936","7899751934442","Gauss Sensor ABS","carro","25","272"
"AUGS937","7899751934459","Gauss Sensor ABS","carro","25","272"
"AUGS938","7899751938570","Gauss Sensor ABS","carro","25","272"
"AUGS939","7899751938587","Gauss Sensor ABS","carro","25","272"
"AUGS940","7899751938594","Gauss Sensor ABS","carro","25","272"
"AUGS941","7899751938600","Gauss Sensor ABS","carro","25","272"
"AUGS942","7899751938617","Gauss Sensor ABS","carro","25","272"
"AUGS943","7899751938624","Gauss Sensor ABS","carro","25","272"
"AUGS944","7899751938631","Gauss Sensor ABS","carro","25","272"
"AUGS945","7899751938648","Gauss Sensor ABS","carro","25","272"
"AUGS946","7899751938655","Gauss Sensor ABS","carro","25","272"
"AUGS947","7899751938662","Gauss Sensor ABS","carro","25","272"
"AUGS948","7899751938679","Gauss Sensor ABS","carro","25","272"
"AUGS949","7899751938686","Gauss Sensor ABS","carro","25","272"
"AUGS950","7899751934466","Gauss Sensor ABS","carro","25","272"
"AUGS951","7899751934473","Gauss Sensor ABS","carro","25","272"
"AUGS952","7899751938693","Gauss Sensor ABS","carro","25","272"
"AUGS953","7899751938709","Gauss Sensor ABS","carro","25","272"
"AUGS954","7899751938716","Gauss Sensor ABS","carro","25","272"
"AUGS955","7899751938723","Gauss Sensor ABS","carro","25","272"
"AUGS956","7899751938730","Gauss Sensor ABS","carro","25","272"
"AUGS957","7899751938747","Gauss Sensor ABS","carro","25","272"
"AUGS958","7899751938754","Gauss Sensor ABS","carro","25","272"
"AUGS959","7899751938761","Gauss Sensor ABS","carro","25","272"
"AUGS960","7899751934480","Gauss Sensor ABS","carro","25","272"
"AUGS961","7899751934497","Gauss Sensor ABS","carro","25","272"
"AUGS962","7899751938778","Gauss Sensor ABS","carro","25","272"
"AUGS963","7899751934503","Gauss Sensor ABS","carro","25","272"
"AUGS964","7899751938785","Gauss Sensor ABS","carro","25","272"
"AUGS965","7899751938792","Gauss Sensor ABS","carro","25","272"
"AUGS966","7899751938808","Gauss Sensor ABS","carro","25","272"
"AUGS967","7899751938815","Gauss Sensor ABS","carro","25","272"
"AUGS968","7899751938822","Gauss Sensor ABS","carro","25","272"
"AUGS969","7899751938839","Gauss Sensor ABS","carro","25","272"
"AUGS970","7899751938846","Gauss Sensor ABS","carro","25","272"
"AUGS971","7899751938853","Gauss Sensor ABS","carro","25","272"
"AUGS972","7899751938860","Gauss Sensor ABS","carro","25","272"
"AUGS973","7899751938877","Gauss Sensor ABS","carro","25","272"
"AUGS974","7899751938884","Gauss Sensor ABS","carro","25","272"
"AUGS975","7899751938891","Gauss Sensor ABS","carro","25","272"
"AUGS976","7899751938907","Gauss Sensor ABS","carro","25","272"
"AUGS977","7899751938914","Gauss Sensor ABS","carro","25","272"
"AUGS978","7899751938921","Gauss Sensor ABS","carro","25","272"
"AUGS979","7899751938938","Gauss Sensor ABS","carro","25","272"
"AUGS980","7899751938945","Gauss Sensor ABS","carro","25","272"
"AUGS981","7899751938952","Gauss Sensor ABS","carro","25","272"
"AUGS982","7899751938969","Gauss Sensor ABS","carro","25","272"
"AUGS983","7899751938976","Gauss Sensor ABS","carro","25","272"
"AUGS984","7899751938983","Gauss Sensor ABS","carro","25","272"
"AUGS985","7899751938990","Gauss Sensor ABS","carro","25","272"
"AUGS986","7899751939003","Gauss Sensor ABS","carro","25","272"
"AUGS987","7899751939010","Gauss Sensor ABS","carro","25","272"
"AUGS988","7899751939027","Gauss Sensor ABS","carro","25","272"
"AUGS989","7899751939034","Gauss Sensor ABS","carro","25","272"
"AUGS990","7899751939041","Gauss Sensor ABS","carro","25","272"
"AUGS991","7899751939058","Gauss Sensor ABS","carro","25","272"
"AUGS992","7899751939065","Gauss Sensor ABS","carro","25","272"
"AUGS993","7899751939072","Gauss Sensor ABS","carro","25","272"
"AUGS994","7899751939089","Gauss Sensor ABS","carro","25","272"
"AUGS995","7899751939096","Gauss Sensor ABS","carro","25","272"
"AUGS996","7899751939102","Gauss Sensor ABS","carro","25","272"
"AUGS997","7899751939119","Gauss Sensor ABS","carro","25","272"
"AUGS998","7899751939126","Gauss Sensor ABS","carro","25","272"
"AUGS999","7899751939133","Gauss Sensor ABS","carro","25","272"
"AUGT049","7899751933117","Gauss Corpo de Borboleta","carro","25","101"
"AUGT050","7899751937627","Gauss Corpo de Borboleta","carro","25","101"
"AUGT051","7899751933155","Gauss Corpo de Borboleta","carro","25","101"
"AUGT052","7899751933391","Gauss Corpo de Borboleta","carro","25","101"
"AUGT053","7899751933162","Gauss Corpo de Borboleta","carro","25","101"
"AUGV062","7899751937214","Gauss Vela de Ignição","carro","25","82"
"AUGV063","7899751937207","Gauss Vela de Ignição","carro","25","82"
"AUGV064","7899751937191","Gauss Vela de Ignição","carro","25","82"
"AUGV065","7899751937245","Gauss Vela de Ignição","carro","25","82"
"AUGV066","7899751937238","Gauss Vela de Ignição","carro","25","82"
"AUGV067","7899751937221","Gauss Vela de Ignição","carro","25","82"
"AUGZ062","7899751933193","Gauss Buzina","carro","25","18"
"AURO001","7898541344829","Gauss Isolador","carro","25","288"
"AURO002","7898541344836","Gauss Isolador","carro","25","288"
"AURO003","7898252655832","Gauss Rolamentos","carro","25","67"
"AURO004","7898252655849","Gauss Rolamentos","carro","25","67"
"AURO005","7898252655856","Gauss Rolamentos","carro","25","67"
"AURO006","7898252655931","Gauss Rolamentos","carro","25","67"
"AURO007","7898252656020","Gauss Rolamentos","carro","25","67"
"AURO008","7898252656037","Gauss Rolamentos","carro","25","67"
"AURO009","7898252656044","Gauss Rolamentos","carro","25","67"
"AURO010","7898252656051","Gauss Rolamentos","carro","25","67"
"AURO011","7899751937054","Gauss Rolamentos","carro","25","67"
"AURO012","7899751937818","Gauss Rolamentos","carro","25","67"
"AURO013","7898541344751","Gauss Rolamentos","carro","25","67"
"AURO014","7899751937092","Gauss Rolamentos","carro","25","67"
"AURO015","7899751937085","Gauss Rolamentos","carro","25","67"
"AURO016","7899751937047","Gauss Rolamentos","carro","25","67"
"AURO017","7899751923941","Gauss Rolamentos","carro","25","67"
"AURO018","7898541344768","Gauss Rolamentos","carro","25","67"
"AURO019","7898541344775","Gauss Rolamentos","carro","25","67"
"AURO020","7898541342450","Gauss Rolamentos","carro","25","67"
"AURO021","7899751937115","Gauss Rolamentos","carro","25","67"
"AURO022","7899751937061","Gauss Rolamentos","carro","25","67"
"AURO023","7898541344744","Gauss Rolamentos","carro","25","67"
"AURO024","7898541342719","Gauss Rolamentos","carro","25","67"
"AURO025","7899751927437","Gauss Rolamentos","carro","25","67"
"AURO026","7899751937078","Gauss Rolamentos","carro","25","67"
"AURO027","7899751937108","Gauss Rolamentos","carro","25","67"
"AURO028","7898541341125","Gauss Rolamentos","carro","25","67"
"AURO029","7898541344645","Gauss Rolamentos","carro","25","67"
"AURO030","7899751906647","Gauss Rolamentos","carro","25","67"
"AURO031","7898252655771","Gauss Rolamentos","carro","25","67"
"AURO032","7899751906630","Gauss Rolamentos","carro","25","67"
"AURO033","7898252657515","Gauss Rolamentos","carro","25","67"
"AURO034","7898541344614","Gauss Rolamentos","carro","25","67"
"AURO035","7898541342610","Gauss Rolamentos","carro","25","67"
"AURO036","7898252655894","Gauss Rolamentos","carro","25","67"
"AURO037","7898252655900","Gauss Rolamentos","carro","25","67"
"AURO038","7898541344652","Gauss Rolamentos","carro","25","67"
"AURO039","7898252655955","Gauss Rolamentos","carro","25","67"
"AURO040","7899751906623","Gauss Rolamentos","carro","25","67"
"AURO041","7899751906616","Gauss Rolamentos","carro","25","67"
"AURO042","7899751906609","Gauss Rolamentos","carro","25","67"
"AURO043","7898541344676","Gauss Rolamentos","carro","25","67"
"AURO044","7898252655962","Gauss Rolamentos","carro","25","67"
"AURO045","7898541344683","Gauss Rolamentos","carro","25","67"
"AURO046","7898252656006","Gauss Rolamentos","carro","25","67"
"AURO047","7898252656013","Gauss Rolamentos","carro","25","67"
"AURO048","7899751937122","Gauss Rolamentos","carro","25","67"
"AURO049","7899751909020","Gauss Rolamentos","carro","25","67"
"AURO050","7899751906654","Gauss Rolamentos","carro","25","67"
"AURO051","7899751937801","Gauss Rolamentos","carro","25","67"
"AURO052","7899751927420","Gauss Rolamentos","carro","25","67"
"AURO053","7898541344737","Gauss Rolamentos","carro","25","67"
"AURO054","7899751906586","Gauss Rolamentos","carro","25","67"
"AURO055","7899751906593","Gauss Rolamentos","carro","25","67"
"AURO056","7899751927451","Gauss Rolamentos","carro","25","67"
"AURO057","7898541344706","Gauss Rolamentos","carro","25","67"
"AURO058","7898252656082","Gauss Rolamentos","carro","25","67"
"AURO059","7898252656099","Gauss Rolamentos","carro","25","67"
"AURO060","7898541345611","Gauss Rolamentos","carro","25","67"
"AURO061","7898252656075","Gauss Rolamentos","carro","25","67"
"AURO062","7898541344720","Gauss Rolamentos","carro","25","67"
"AURO063","7899751906562","Gauss Rolamentos","carro","25","67"
"AURO064","7899751906579","Gauss Rolamentos","carro","25","67"
"AURO065","7898541344713","Gauss Rolamentos","carro","25","67"
"AURO066","7899751925198","Gauss Rolamentos","carro","25","67"
"AURO067","7898252656068","Gauss Rolamentos","carro","25","67"
"AUVN026","0","NGK Vela de Ignição","carro","8","82"
"JQ523","7909201037484","Laquila Nenhum","moto","18","1"
"JQ524","7909201037491","Laquila Nenhum","moto","18","1"
"JQ525","7909201037507","Laquila Nenhum","moto","18","1"
"MM010","MM010","Wolf Mala para motociclistas","moto","62","55"
"MTGE107","7899751937184","Gauss Retificador","carro","25","267"
"MTGI019","7899751937139","Gauss Bobina de Ignição","carro","25","113"
"MTGI020","7899751937146","Gauss Bobina de Ignição","carro","25","113"
"MTGI021","7899751937153","Gauss Bobina de Ignição","carro","25","113"
"MTGS011","7899751937832","Gauss Sensor Oxigenio","carro","25","274"
"MTGS012","7899751937849","Gauss Sensor Oxigenio","carro","25","274"
"MTGV036","7899751937252","Gauss Vela de Ignição","carro","25","82"
"MTGV037","0","Gauss Vela de Ignição","carro","25","82"
